2021 058705 000 00 CO,07/13/2021,1522 E ABRAM STREET,Grub Munkey,Shawn Hassam,3104877710
2021 056745 000 00 CO,07/08/2021,1615 W PARK ROW DRIVE,buffalo wing and grill,songhwa austin,4699645362
2021 056269 000 00 CO,07/08/2021,1818 E PIONEER PARKWAY Suite 190,Quan Hong,MyHong Thi Trinh,6822197963
2021 054891 000 00 CO,07/02/2021,930 W SUBLETT ROAD Suite 101,Jamal’s food house,Mohammad abdel razzaq,8174777342
2021 054129 000 00 CO,06/28/2021,715 W PARK ROW DRIVE,Tic-Taco,Ricardo Kevin Palma Montano,8173026688
2021 054106 000 00 CO,07/08/2021,1730 W RANDOL MILL ROAD 142,BAMS VEGAN LLC,Brandon Waller,6823676564
2021 049832 000 00 CO,07/06/2021,4300 MATLOCK ROAD 108,Tarboosh Gyro Grill,Mohamad Alnsour,7083518711
2021 049153 000 00 CO,07/08/2021,7807 S COOPER STREET 123,Cataleya Restaurant,Sarah Mendez,6823411202
2021 047648 000 00 CO,06/07/2021,2012 S COOPER STREET,AFG SR South Arlington LLC,Brian Morse,8174606822
2021 047632 000 00 CO,06/07/2021,1201 S BOWEN ROAD,AFG SR Bowen LLC,Brian Morse,8174603731
2021 047464 000 00 CO,06/11/2021,4301 S COLLINS STREET,AFG SR Collins LLC,Brian Morse,8174689903
2021 047463 000 00 CO,06/11/2021,5501 S COOPER STREET,AFG SR Green Oaks LLC,Brian Morse,8174606822
2021 047397 000 00 CO,06/07/2021,409 W RANDOL MILL ROAD,AFG SR N Arlington LLC,Brian Morse,8172778771
2021 044604 000 00 CO,06/15/2021,2315 S COOPER STREET,One Love Caribbean Restaurant & Lounge,Rajendra Kisson,6823234950
2021 044351 000 00 CO,07/03/2021,101 E ABRAM STREET Suite 190,Amore Mio Trattoria,CHRISTIAN RODRIGUEZ,8083850426
2021 043632 000 00 CO,06/02/2021,620 W PARK ROW DRIVE,Mi Canton Latino Restaurant 2,Gabriela Ventura,8179960100
2021 043074 000 00 CO,07/07/2021,3503 E DIVISION STREET,MARISCOS SUPER MIX,evelyn alondra,9725058586
2021 040402 000 00 CO,06/14/2021,5005 S COOPER STREET Suite 159,Frieddaze,Long Le,8177572001
2021 038604 000 00 CO,05/14/2021,1430 S COOPER STREET,Nizza Pizza & Pasta,Yong G. Hwang,2147140228
2021 037725 000 00 CO,05/12/2021,426 E LAMAR BOULEVARD Suite 110,The Allen Workshop LLC,MEGHAN ALLEN,4026712982
2021 037464 000 00 CO,06/16/2021,3901 W ARKANSAS LANE 107A,Cafe Everest,Janakee Limbu,4695038674
2021 037377 000 00 CO,07/01/2021,3601 SW GREEN OAKS BOULEVARD 109,Under the Icing,Ginger Midkiff,8172094422
2021 036608 000 00 CO,06/18/2021,3101 E DIVISION STREET,Pinkies,Roy Thompson,2147215915
2021 034382 000 00 CO,06/21/2021,2231 N COLLINS STREET,HTeaO Arlington,Joe Ellis,4692856349
2021 033961 000 00 CO,04/30/2021,1904 BAIRD FARM ROAD,Thrill’s Turkey Legs,Gregory Hill,3187733159
2021 033209 000 00 CO,04/26/2021,915 E ROAD TO SIX FLAGS STREET 103,UMI sushiandgrill,Nutpattar Itsarawiphat,6825979788
2021 031476 000 00 CO,05/25/2021,2030 S COOPER STREET Suite 100,Wingstop,Tommy Hicks,8179669464
2021 030695 000 00 CO,07/06/2021,6204 S COOPER STREET Suite 100,Roma Trattoria,Sadiret Fazliu,6824337129
2021 030669 000 00 CO,07/09/2021,5415 S COOPER STREET 117,Zalat Pizza,Clay Muirhead,9725332072
2021 029289 000 00 CO,04/23/2021,2230 S COLLINS STREET,PHO MAI,MEI CHIUNG FENG,8326184737
2021 028511 000 00 CO,05/11/2021,900 E COPELAND ROAD 150,Okal’s cafe&grill,Mohammad,8179030827
2021 023626 000 00 CO,04/06/2021,TACO BUENO,Taco Supremo Management LLC,Alejandro Orfanos,9563930202
2021 022949 000 00 CO,04/07/2021,3295 S COOPER STREET Suite 121,YA jerusalem Market,Yassine Elkhayat,8179889429
2021 020579 000 00 CO,03/26/2021,1030 W ARKANSAS LANE 206,D. Smith's Chicken and Fish LLC,David Smith,2147273907
2021 017939 000 00 CO,03/09/2021,6851 MATLOCK ROAD Suite 101,UZY'S NEW YORK PIZZA,mohammad ousman ehsan,6095293416
2021 017678 000 00 CO,05/10/2021,457 E INTERSTATE 20 HIGHWAY Suite 121,Egg Bar,Jay Sung,6464673040
2021 017235 000 00 CO,06/08/2021,7207 S COOPER STREET Suite 131,Domino's Store #9381,Donald Reichert,7346490886
2021 014085 000 00 CO,03/04/2021,511 E ABRAM STREET,hersheys palace pizza wangs and thangs,Anthony Jones,7085415344
2021 013567 000 00 CO,02/26/2021,310 E ABRAM STREET Suite 100,Twisted Root,Bill McMahon,7373467110
2021 013561 000 00 CO,03/05/2021,1800 S COOPER STREET,Golden Chick,Donna Gore,9728310911
2021 012717 000 00 CO,07/09/2021,3400 S WATSON ROAD 112,A + Nutrition,Lindsey Cowins,8179379632
2021 011339 000 00 CO,02/26/2021,821 NE GREEN OAKS BOULEVARD,NHG Foods LLC,Rami Qafaf,8173338037
2021 010298 000 00 CO,03/03/2021,2150 E PIONEER PARKWAY 110,FRUTERIA TOSTITOS,RODOLFO MARTINEZ,2147915377
2021 009581 000 00 CO,02/09/2021,3415 S COLLINS STREET Suite 101,Habibi Corner Store,Abedallah Akari,8172109129
2021 007356 000 00 CO,05/06/2021,101 E ABRAM STREET Suite 170,Kung Fu Tea,Ayla Hernandez,4693965579
2021 006789 000 00 CO,05/18/2021,710 E SUBLETT ROAD Suite 171,Knock Em Tenders,Ghassan Bilaih,8175780153
2021 005963 000 00 CO,05/17/2021,710 E SUBLETT ROAD Unit 175,Steves Coney Island,Steve Washington,8106105474
2021 005176 000 00 CO,03/08/2021,1004 N COLLINS STREET,EllaB's Restaurant,Patricia Whitfield,9728983306
2021 004934 000 00 CO,03/12/2021,5005 S COOPER STREET Suite 183,beer and brats,Samuel Holzman,4086404509
2021 004719 000 00 CO,01/22/2021,5005 S COOPER STREET Suite 163,ARLINGTON CHOP HOUSE LLC,Sakib Mannan,4697408119
2021 004520 000 00 CO,03/30/2021,1805 N COLLINS STREET Suite 141,Zalat Pizza Service,Jennifer Rowland,2015438274
2021 003927 000 00 CO,01/28/2021,830 E PIONEER PARKWAY 104,taqueria charly,carlos salgado,4696858111
2021 003760 000 00 CO,01/22/2021,2505 E ARKANSAS LANE 131,Bayou Cat,phi,8179175835
2020 127115 000 00 CO,01/05/2021,702 W INTERSTATE 20 HIGHWAY 106,Tacosymas,Mahbub Zaman,2146634688
2020 126783 000 00 CO,03/17/2021,5801 W INTERSTATE 20 HIGHWAY 360,Iris Bagel & Coffee House,Eunyoung Jang,2147832987
2020 125908 000 00 CO,12/21/2020,1818 E PIONEER PARKWAY Suite 182,Mon Viet Cafe,Natalie Phan,5623947299
2020 125820 000 00 CO,01/28/2021,1175 N WATSON ROAD B,VMR CATERING,Vilma Rice,8177073779
2020 125764 000 00 CO,12/18/2020,4935 S COOPER STREET,Cooper Donuts Inc.,Rishad Rajabali,2242325535
2020 125619 000 00 CO,04/07/2021,5001 S COOPER STREET Suite 115,CINNAHOLIC,Elvi Mariana Feijoo,6822173871
2020 123998 000 00 CO,03/03/2021,2525 E ARKANSAS LANE 253,Tu-Chi Creative Kitchen,Tracy Trice,9723303568
2020 122353 000 00 CO,12/08/2020,3811 S COOPER STREET 2052,Kokee Tea,Eunhye Cho,9495272731
2020 120972 000 00 CO,03/29/2021,2535 E ARKANSAS LANE 361,Wakanda Bar & Grill,Tiffany Yakana,6015408364
2020 120767 000 00 CO,04/01/2021,1515 S COOPER STREET D,Forever donuts,Jana Park,4695036161
2020 118850 000 00 CO,01/26/2021,1115 E PIONEER PARKWAY SUITE 105,Thao Vy Cafe,Khang Ho,4699956888
2020 116425 000 00 CO,01/07/2021,130 E BARDIN ROAD 128,Breakfast Brothers,Trenton Parker,2542904011
2020 116350 000 00 CO,11/18/2020,200 N EAST STREET,Cane Rosso Montrose LLC dba Cane Rosso Arlington,Todd Garton,8173008321
2020 115854 000 00 CO,11/24/2020,4245 S COOPER STREET Suite 151,Five Guys Burgers and Fries,Anay Reyes,2142597010
2020 115212 000 00 CO,12/15/2020,6320 US 287 HIGHWAY Suite 108,DelCiano PInoy Cuisine LLC,FELICIANO DELAPAZ,8173138645
2020 115041 000 00 CO,11/13/2020,3811 S COOPER STREET Suite K5556,Yummy Cup Corn & Wassup Dog,ahmed Al Tani,6828882336
2020 114458 000 00 CO,04/19/2021,1001 NE GREEN OAKS BOULEVARD SUITE 139,McCullar's Irish Pub and Grill,Daryl McCullar,8179190805
2020 113243 000 00 CO,11/16/2020,404 N COLLINS STREET,La Sirrena Mexican Sea food and Bar,Daniel Rodriguez,9729792802
2020 109642 000 00 CO,10/29/2020,310 109TH STREET,G Willickers Pub,Carmen Denise Luke,8175503113
2020 109298 000 00 CO,12/02/2020,3333 E DIVISION STREET,Latina Restaurante,Yesenia Rubio,4693284128
2020 103813 000 00 CO,11/24/2020,1110 S BOWEN ROAD A,king of wing and daiquiri,simry ramirez,6822036197
2020 103498 000 00 CO,10/09/2020,5504 MATLOCK ROAD Suite 150,AL rayan kabab & gyros,Munir mustafa,6828125682
2020 101593 000 00 CO,10/16/2020,1905 E ARKANSAS LANE,Nearly Famous,Kevin Lowe,6824339702
2020 100913 000 00 CO,10/23/2020,1201 W ARBROOK BOULEVARD 125,Domino's Pizza 6575,Brad Mayhall,8179662839
2020 099258 000 00 CO,10/08/2020,2535 E ARKANSAS LANE 335,VU TRUONG CHIEU TIM,BILLY BUI,2542428888
2020 099122 000 00 CO,02/03/2021,4401 LITTLE ROAD 580,Jay Jay Cafe,Teodulo Montiel,8175631090
2020 098166 000 00 CO,01/29/2021,4001 BAGPIPER WAY Suite 101,Bar Louie already in existence,cindy block,2134172320
2020 097591 000 00 CO,10/12/2020,4701 W SUBLETT ROAD Suite 110,287 Nutrition,Beth Oldham,8175033022
2020 097191 000 00 CO,10/29/2020,1980 W PLEASANT RIDGE ROAD,PH ARLINGTON LLC DBA STUDIO6,KRUNAL PATEL,9723303901
2020 097167 000 00 CO,10/01/2020,1110 N COLLINS STREET A,Golden Chopsticks,zhuowei huang,4149397903
2020 090037 000 00 CO,09/17/2020,2232 S COLLINS STREET,VINA CAFE,MINH PHAN,6825592788
2020 089866 000 00 CO,10/13/2020,1827 SW GREEN OAKS BOULEVARD 149,TGBlessing Vietnamese Cuisine,Kristine Lam,2149060839
2020 087773 000 00 CO,09/18/2020,1515 S COOPER STREET B,SUBWAY,Robert Pierce,8177706034
2020 085126 000 00 CO,10/05/2020,5700 S COLLINS STREET Suite 100,Dimples Fries ‘n’ Wings,Andrea Shofner,2544583212
2020 078946 000 00 CO,09/30/2020,405 FIELDER NORTH PLAZA SC,Al’s Hamburgers,Melody Lawrence,8172668973
2020 076957 000 00 CO,09/29/2020,2141 N COLLINS STREET 525,CHICAGO PIZZA AND PASTA,,
